{"MSE": 0.2444869637489319, "SSIM": 0.5078865051269531, "PSNR": 13.947452452075591, "global_step": 20, "_runtime": 727, "_timestamp": 1636440491, "_step": 19, "_wandb": {"runtime": 727}}