{"MSE": 51192167082.666664, "SSIM": 0.06623998284339905, "PSNR": 6.480683428938373, "global_step": 4, "_runtime": 158, "_timestamp": 1636446619, "_step": 3, "_wandb": {"runtime": 165}}