{"MSE": 2227896396895573.2, "SSIM": 0.4734061062335968, "PSNR": 12.749215281666713, "global_step": 5, "_runtime": 191, "_timestamp": 1636446830, "_step": 4, "_wandb": {"runtime": 193}}