{"MSE": 0.2855673748999834, "SSIM": 0.4354754462838173, "PSNR": 12.985666344580162, "global_step": 5, "_runtime": 181, "_timestamp": 1636439519, "_step": 4, "_wandb": {"runtime": 186}}