{"MSE": 0.3652867376804352, "SSIM": 0.48336392144362134, "PSNR": 13.369708876995908, "global_step": 20, "_runtime": 752, "_timestamp": 1636443720, "_step": 19, "_wandb": {"runtime": 752}}