{"MSE": 1301864571557205.2, "SSIM": 0.2836748883128166, "PSNR": 8.986353818683282, "global_step": 7, "_runtime": 265, "_timestamp": 1636446322, "_step": 6, "_wandb": {"runtime": 279}}