{"MSE": 0.3805672602994101, "SSIM": 0.4657418361731938, "PSNR": 13.72719391607677, "global_step": 2, "_runtime": 119, "_timestamp": 1636437948, "_step": 1, "_wandb": {"runtime": 125}}